<?xml version="1.0" encoding="UTF-8"?>
<!DOCTYPE fontscolors PUBLIC "-//NetBeans//DTD Editor Fonts and Colors settings 1.1//EN" "http://www.netbeans.org/dtds/EditorFontsColors-1_1.dtd">
<fontscolors>
    <fontcolor foreColor="ff666666" name="code-folding"/>
    <fontcolor foreColor="white" name="caret-color-insert-mode"/>
    <fontcolor bgColor="ffe0e8f1" foreColor="black" name="block-search"/>
    <fontcolor foreColor="ff4c5153" name="text-limit-line-color"/>
    <fontcolor bgColor="ffdfdfdf" name="readonly-files"/>
    <fontcolor foreColor="yellow" name="nbeditor-bracesMatching-match-multichar"/>
    <fontcolor foreColor="ff81969a" name="line-number"/>
    <fontcolor name="hyperlinks" underline="blue"/>
    <fontcolor bgColor="ff2f393c" name="highlight-caret-row"/>
    <fontcolor foreColor="red" name="status-bar-bold"/>
    <fontcolor foreColor="white" name="caret-color-overwrite-mode"/>
    <fontcolor bgColor="ff804000" foreColor="ffe0e2e4" name="selection"/>
    <fontcolor name="status-bar"/>
    <fontcolor bgColor="ffffb442" foreColor="magenta" name="inc-search"/>
    <fontcolor foreColor="ffcc0099" name="synchronized-text-blocks-ext"/>
    <fontcolor foreColor="ff666666" name="code-folding-bar"/>
    <fontcolor bgColor="ffffb442" foreColor="black" name="highlight-search"/>
    <fontcolor bgColor="ffef2929" name="nbeditor-bracesMatching-mismatch-multichar"/>
    <fontcolor foreColor="ff996600" name="synchronized-text-blocks-ext-slave"/>
    <fontcolor bgColor="ffdfdfdf" name="guarded"/>
    <fontcolor foreColor="yellow" name="nbeditor-bracesMatching-match"/>
    <fontcolor bgColor="ffef2929" name="nbeditor-bracesMatching-mismatch"/>
</fontscolors>
