<?xml version="1.0" encoding="UTF-8"?>
<!DOCTYPE fontscolors PUBLIC "-//NetBeans//DTD Editor Fonts and Colors settings 1.2//EN" "https://netbeans.apache.org/dtds/EditorFontsColors-1_2.dtd">
<fontscolors>
    <fontcolor bgColor="darkGray" name="mark-occurrences"/>
    <fontcolor foreColor="ffff8c00" name="number"/>
    <fontcolor bgColor="ff1e1e1e" foreColor="fff5f5f5" name="default"/>
    <fontcolor foreColor="fff0f000" name="string"/>
    <fontcolor foreColor="fff0f000" name="char"/>
    <fontcolor name="warning" waveUnderlined="yellow"/>
    <fontcolor foreColor="ff047414" name="comment">
        <font style="italic"/>
    </fontcolor>
    <fontcolor foreColor="white" name="error" waveUnderlined="red"/>
    <fontcolor foreColor="ffff0087" name="keyword"/>
    <fontcolor foreColor="ffeb00de" name="separator"/>
    <fontcolor foreColor="ffd2a0ff" name="operator"/>
    <fontcolor name="url" underline="ffc38cf5"/>
</fontscolors>
