<?xml version="1.0" encoding="UTF-8"?>
<!DOCTYPE fontscolors PUBLIC "-//NetBeans//DTD Editor Fonts and Colors settings 1.2//EN" "https://netbeans.apache.org/dtds/EditorFontsColors-1_2.dtd">
<fontscolors>
    <fontcolor foreColor="ffcccccc" name="code-folding-border"/>
    <fontcolor name="west-sidebars-color"/>
    <fontcolor bgColor="darkGray" foreColor="cyan" name="nbeditor-bracesMatching-match">
        <font style="bold"/>
    </fontcolor>
    <fontcolor foreColor="darkGray" name="text-limit-line-color"/>
    <fontcolor bgColor="darkGray" foreColor="white" name="code-folding"/>
    <fontcolor foreColor="white" name="nbeditor-bracesMatching-mismatch" waveUnderlined="red">
        <font style="bold"/>
    </fontcolor>
    <fontcolor foreColor="lightGray" name="line-number"/>
    <fontcolor bgColor="darkGray" name="CurrentPC"/>
    <fontcolor bgColor="darkGray" name="highlight-caret-row"/>
    <fontcolor bgColor="darkGray" name="highlight-search"/>
    <fontcolor foreColor="cyan" name="caret-color-overwrite-mode"/>
    <fontcolor foreColor="darkGray" name="code-folding-bar"/>
    <fontcolor foreColor="darkGray" name="indent-guide-lines"/>
    <fontcolor bgColor="darkGray" name="inc-search"/>
    <fontcolor bgColor="darkGray" foreColor="cyan" name="nbeditor-bracesMatching-match-multichar">
        <font style="bold"/>
    </fontcolor>
    <fontcolor foreColor="white" name="nbeditor-bracesMatching-mismatch-multichar" waveUnderlined="red">
        <font style="bold"/>
    </fontcolor>
    <fontcolor foreColor="cyan" name="caret-color-insert-mode"/>
    <fontcolor bgColor="gray" foreColor="darkGray" name="remove-surround-code-delete"/>
</fontscolors>
