<?xml version="1.0" encoding="UTF-8"?>
<!DOCTYPE fontscolors PUBLIC "-//NetBeans//DTD Editor Fonts and Colors settings 1.2//EN" "https://netbeans.apache.org/dtds/EditorFontsColors-1_2.dtd">
<fontscolors>
    <fontcolor bgColor="darkGray" foreColor="ffff45ff" name="nbeditor-bracesMatching-match">
        <font style="bold"/>
    </fontcolor>
    <fontcolor name="coverage-partial"/>
    <fontcolor foreColor="ff1e1e1e" name="text-limit-line-color"/>
    <fontcolor foreColor="darkGray" name="code-folding"/>
    <fontcolor name="synchronized-text-blocks-ext"/>
    <fontcolor foreColor="red" name="nbeditor-bracesMatching-mismatch" waveUnderlined="red">
        <font style="bold"/>
    </fontcolor>
    <fontcolor name="highlight-caret-row"/>
    <fontcolor foreColor="gray" name="caret-color-overwrite-mode"/>
    <fontcolor name="status-bar"/>
    <fontcolor name="coverage-covered"/>
    <fontcolor bgColor="ff262626" foreColor="gray" name="guarded"/>
    <fontcolor name="trailing-whitespace"/>
    <fontcolor name="coverage-inferred"/>
    <fontcolor foreColor="red" name="nbeditor-bracesMatching-mismatch-multichar" waveUnderlined="red">
        <font style="bold"/>
    </fontcolor>
    <fontcolor bgColor="fff5f5f5" foreColor="ffb4b4b4" name="remove-surround-code-delete"/>
    <fontcolor foreColor="darkGray" name="code-folding-border"/>
    <fontcolor foreColor="ff1e1e1e" name="west-sidebars-color"/>
    <fontcolor name="status-bar-bold"/>
    <fontcolor foreColor="ff1e1e1e" name="nbeditor-bracesMatching-sidebar"/>
    <fontcolor foreColor="ff656674" name="line-number"/>
    <fontcolor bgColor="ff262626" name="readonly-files"/>
    <fontcolor bgColor="ff38566f" name="highlight-search"/>
    <fontcolor foreColor="darkGray" name="code-folding-bar"/>
    <fontcolor foreColor="ff996600" name="synchronized-text-blocks-ext-slave"/>
    <fontcolor foreColor="darkGray" name="indent-guide-lines"/>
    <fontcolor name="indent-whitespace"/>
    <fontcolor bgColor="ffe0e8f1" name="block-search"/>
    <fontcolor bgColor="ff264f78" name="selection"/>
    <fontcolor name="coverage-uncovered"/>
    <fontcolor bgColor="ff38566f" name="inc-search"/>
    <fontcolor bgColor="ffccffcc" name="remove-surround-code-remain"/>
    <fontcolor foreColor="ffff45ff" name="nbeditor-bracesMatching-match-multichar">
        <font style="bold"/>
    </fontcolor>
    <fontcolor foreColor="gray" name="caret-color-insert-mode"/>
    <fontcolor foreColor="ff00aae7" name="hyperlinks" underline="ff00aae7"/>
</fontscolors>
