<?xml version="1.0" encoding="UTF-8"?>
<!DOCTYPE platform PUBLIC "-//NetBeans//DTD Java PlatformDefinition 1.0//EN" "http://www.netbeans.org/dtds/java-platformdefinition-1_0.dtd">
<platform default="no" name="JDK 17">
    <jdkhome>
        <resource>file:/usr/lib/jvm/java-17-openjdk-amd64/</resource>
    </jdkhome>
    <properties>
        <property name="platform.ant.name" value="JDK_17"/>
    </properties>
    <sysproperties>
        <property name="awt.useSystemAAFontSettings" value="on"/>
        <property name="file.encoding" value="UTF-8"/>
        <property name="file.separator" value="/"/>
        <property name="java.class.path" value=""/>
        <property name="java.class.version" value="61.0"/>
        <property name="java.home" value="/usr/lib/jvm/java-17-openjdk-amd64"/>
        <property name="java.io.tmpdir" value="/tmp"/>
        <property name="java.library.path" value="/usr/java/packages/lib:/usr/lib/x86_64-linux-gnu/jni:/lib/x86_64-linux-gnu:/usr/lib/x86_64-linux-gnu:/usr/lib/jni:/lib:/usr/lib"/>
        <property name="java.runtime.name" value="OpenJDK Runtime Environment"/>
        <property name="java.runtime.version" value="17.0.6+10-Debian-1"/>
        <property name="java.specification.name" value="Java Platform API Specification"/>
        <property name="java.specification.vendor" value="Oracle Corporation"/>
        <property name="java.specification.version" value="17"/>
        <property name="java.vendor" value="Debian"/>
        <property name="java.vendor.url" value="https://tracker.debian.org/openjdk-17"/>
        <property name="java.vendor.url.bug" value="https://bugs.debian.org/openjdk-17"/>
        <property name="java.version" value="17.0.6"/>
        <property name="java.version.date" value="2023-01-17"/>
        <property name="java.vm.compressedOopsMode" value="32-bit"/>
        <property name="java.vm.info" value="mixed mode, sharing"/>
        <property name="java.vm.name" value="OpenJDK 64-Bit Server VM"/>
        <property name="java.vm.specification.name" value="Java Virtual Machine Specification"/>
        <property name="java.vm.specification.vendor" value="Oracle Corporation"/>
        <property name="java.vm.specification.version" value="17"/>
        <property name="java.vm.vendor" value="Debian"/>
        <property name="java.vm.version" value="17.0.6+10-Debian-1"/>
        <property name="jdk.debug" value="release"/>
        <property name="line.separator" value="&#10;"/>
        <property name="native.encoding" value="UTF-8"/>
        <property name="os.arch" value="amd64"/>
        <property name="os.name" value="Linux"/>
        <property name="os.version" value="6.0.0-kali6-amd64"/>
        <property name="path.separator" value=":"/>
        <property name="sun.arch.data.model" value="64"/>
        <property name="sun.boot.library.path" value="/usr/lib/jvm/java-17-openjdk-amd64/lib"/>
        <property name="sun.cpu.endian" value="little"/>
        <property name="sun.io.unicode.encoding" value="UnicodeLittle"/>
        <property name="sun.java.command" value="J2SEPlatformProbe /tmp/nb-platformdetect8852255146546821260properties"/>
        <property name="sun.java.launcher" value="SUN_STANDARD"/>
        <property name="sun.jnu.encoding" value="UTF-8"/>
        <property name="sun.management.compiler" value="HotSpot 64-Bit Tiered Compilers"/>
        <property name="swing.aatext" value="true"/>
        <property name="user.country" value="ES"/>
        <property name="user.dir" value=""/>
        <property name="user.home" value="/home/hugopbrito"/>
        <property name="user.language" value="es"/>
        <property name="user.name" value="hugopbrito"/>
        <property name="user.timezone" value="Europe/Madrid"/>
    </sysproperties>
</platform>
