<?xml version="1.0" encoding="UTF-8"?>
<!DOCTYPE fontscolors PUBLIC "-//NetBeans//DTD Editor Fonts and Colors settings 1.2//EN" "https://netbeans.apache.org/dtds/EditorFontsColors-1_2.dtd">
<fontscolors>
    <fontcolor name="mark-occurrences"/>
    <fontcolor foreColor="ff00d3ac" name="identifier"/>
    <fontcolor default="field" name="markup-attribute"/>
    <fontcolor default="identifier" foreColor="fff0f0aa" name="method"/>
    <fontcolor foreColor="f5e89b69" name="string"/>
    <fontcolor default="keyword" name="markup-element"/>
    <fontcolor default="string" name="markup-attribute-value"/>
    <fontcolor foreColor="white" name="error" waveUnderlined="red"/>
    <fontcolor default="default" name="entity-reference"/>
    <fontcolor foreColor="eee678d4" name="separator"/>
    <fontcolor foreColor="ffc9c9c9" name="operator"/>
    <fontcolor name="url"/>
    <fontcolor foreColor="ffb5cea8" name="number"/>
    <fontcolor bgColor="ff1e1e1e" foreColor="ffc9c9c9" name="default">
        <font name="Consolas" size="15" style="plain"/>
    </fontcolor>
    <fontcolor default="identifier" name="field"/>
    <fontcolor foreColor="f5e89b69" name="char"/>
    <fontcolor name="warning" waveUnderlined="gray"/>
    <fontcolor foreColor="ff539249" name="comment">
        <font style="italic"/>
    </fontcolor>
    <fontcolor foreColor="ff00aae7" name="keyword"/>
    <fontcolor name="whitespace"/>
</fontscolors>
