<?xml version="1.0" encoding="UTF-8"?>
<!DOCTYPE fontscolors PUBLIC "-//NetBeans//DTD Editor Fonts and Colors settings 1.1//EN" "http://www.netbeans.org/dtds/EditorFontsColors-1_1.dtd">
<fontscolors>
    <fontcolor default="number" name="FLOAT_LITERAL"/>
    <fontcolor name="mod-method"/>
    <fontcolor name="mod-parameter"/>
    <fontcolor default="string" name="STRING_LITERAL"/>
    <fontcolor default="keyword" foreColor="ff8d9fcf" name="keyword">
        <font style="plain"/>
    </fontcolor>
    <fontcolor default="comment" name="LINE_COMMENT"/>
    <fontcolor default="identifier" foreColor="ff8ae234" name="IDENTIFIER"/>
    <fontcolor name="mod-deprecated" strikeThrough="darkGray"/>
    <fontcolor default="regexp" name="mod-regexp"/>
    <fontcolor default="field" foreColor="ffedd400" name="mod-global"/>
    <fontcolor default="operator" name="ANY_OPERATOR"/>
    <fontcolor name="mod-class"/>
    <fontcolor name="mod-unused" waveUnderlined="ff999999"/>
    <fontcolor default="comment" name="BLOCK_COMMENT"/>
    <fontcolor default="whitespace" name="WHITESPACE"/>
    <fontcolor name="mark-occurrences"/>
    <fontcolor name="mod-custom1"/>
    <fontcolor default="error" name="ERROR"/>
    <fontcolor name="mod-custom3">
        <font style="bold"/>
    </fontcolor>
    <fontcolor name="mod-custom2"/>
</fontscolors>
