<?xml version="1.0" encoding="UTF-8"?>
<!DOCTYPE fontscolors PUBLIC "-//NetBeans//DTD Editor Fonts and Colors settings 1.2//EN" "https://netbeans.apache.org/dtds/EditorFontsColors-1_2.dtd">
<fontscolors>
    <fontcolor default="string" name="string"/>
    <fontcolor default="number" name="numbers"/>
    <fontcolor name="mod-class">
        <font style="italic"/>
    </fontcolor>
    <fontcolor default="string" name="rgb"/>
    <fontcolor default="operator" name="operator"/>
    <fontcolor default="separator" name="braces"/>
    <fontcolor default="error" name="unknown"/>
    <fontcolor default="number" name="number"/>
    <fontcolor foreColor="black" name="at_rule_symbol">
        <font style="bold"/>
    </fontcolor>
    <fontcolor foreColor="black" name="mod-custom3">
        <font style="italic"/>
    </fontcolor>
    <fontcolor default="string" name="strings"/>
    <fontcolor default="keyword" foreColor="ff8aa6c1" name="mod-custom2">
        <font style="italic"/>
    </fontcolor>
    <fontcolor default="operator" name="operators"/>
    <fontcolor default="keyword" name="mod-custom1"/>
    <fontcolor default="keyword" name="keyword"/>
    <fontcolor foreColor="ff006666" name="mod-local-variable"/>
    <fontcolor default="default" name="others"/>
    <fontcolor default="identifier" name="identifier"/>
    <fontcolor default="comment" name="comments"/>
    <fontcolor default="identifier" name="identifiers"/>
    <fontcolor default="separator" name="brace"/>
    <fontcolor name="mod-method">
        <font style="bold"/>
    </fontcolor>
    <fontcolor default="separator" name="separator"/>
    <fontcolor default="string" name="url"/>
    <fontcolor foreColor="ff006666" name="mod-private">
        <font style="bold"/>
    </fontcolor>
    <fontcolor default="string" name="uris"/>
    <fontcolor default="number" name="hashes"/>
    <fontcolor name="mod-constructor">
        <font style="bold"/>
    </fontcolor>
    <fontcolor default="separator" name="separators"/>
    <fontcolor default="number" name="hash"/>
    <fontcolor default="default" name="whitespaces"/>
</fontscolors>
