<?xml version="1.0" encoding="UTF-8"?>
<!DOCTYPE fontscolors PUBLIC "-//NetBeans//DTD Editor Fonts and Colors settings 1.2//EN" "https://netbeans.apache.org/dtds/EditorFontsColors-1_2.dtd">
<fontscolors>
    <fontcolor default="comment" name="javadoc-identifier"/>
    <fontcolor default="public" name="mod-public"/>
    <fontcolor bgColor="ff1e1e1e" default="interface" foreColor="fff0f0aa" name="mod-interface-declaration"/>
    <fontcolor default="operator" name="operator"/>
    <fontcolor default="number" foreColor="ffb5cea8" name="number"/>
    <fontcolor default="char" name="character"/>
    <fontcolor default="method-parameter" name="mod-parameter"/>
    <fontcolor default="comment" name="javadoc-first-sentence"/>
    <fontcolor default="string" name="string-escape">
        <font style="bold"/>
    </fontcolor>
    <fontcolor default="keyword" name="keyword"/>
    <fontcolor default="identifier" foreColor="f58cf0ff" name="identifier"/>
    <fontcolor default="field" foreColor="f58cf0ff" name="mod-field"/>
    <fontcolor default="method" name="mod-method"/>
    <fontcolor bgColor="ff1e1e1e" default="interface" foreColor="fff0f0aa" name="mod-interface"/>
    <fontcolor default="constructor" foreColor="fff0f0aa" name="mod-constructor-declaration"/>
    <fontcolor default="default" foreColor="eedb78d4" name="html-tag"/>
    <fontcolor default="separator" name="separator"/>
    <fontcolor default="method-parameter" name="mod-parameter-declaration"/>
    <fontcolor default="field" name="mod-record-component-declaration"/>
    <fontcolor default="static" name="mod-static"/>
    <fontcolor default="character" name="character-escape">
        <font style="bold"/>
    </fontcolor>
    <fontcolor default="class" foreColor="ff00d3ac" name="mod-class-declaration"/>
    <fontcolor default="identifier" foreColor="fff0f0aa" name="mod-module"/>
    <fontcolor default="error" name="errors" waveUnderlined="red"/>
    <fontcolor default="field" foreColor="f58cf0ff" name="mod-field-declaration"/>
    <fontcolor default="abstract" name="mod-abstract"/>
    <fontcolor default="string" name="string"/>
    <fontcolor default="field" name="mod-record-component"/>
    <fontcolor foreColor="lightGray" name="mod-unindented-text-block"/>
    <fontcolor default="class" foreColor="ff00d3ac" name="mod-class"/>
    <fontcolor default="unused" name="mod-unused"/>
    <fontcolor default="method" name="mod-method-declaration"/>
    <fontcolor default="identifier" foreColor="fff0f0aa" name="mod-module-declaration">
        <font style="bold"/>
    </fontcolor>
    <fontcolor default="keyword" foreColor="eee678d4" name="keyword-directive"/>
    <fontcolor default="keyword" name="literal"/>
    <fontcolor default="deprecated" name="mod-deprecated"/>
    <fontcolor default="interface" name="mod-annotation-type"/>
    <fontcolor default="identifier" name="mod-record"/>
    <fontcolor default="string" name="string-escape-invalid" waveUnderlined="red">
        <font style="italic"/>
    </fontcolor>
    <fontcolor default="local-variable" name="mod-local-variable"/>
    <fontcolor default="keyword" name="mod-keyword"/>
    <fontcolor default="comment" foreColor="d700aae7" name="javadoc-tag">
        <font style="bold"/>
    </fontcolor>
    <fontcolor default="interface" name="mod-annotation-type-declaration"/>
    <fontcolor default="protected" name="mod-protected"/>
    <fontcolor default="character" name="character-escape-invalid" waveUnderlined="red">
        <font style="italic"/>
    </fontcolor>
    <fontcolor default="enum" foreColor="ff00d3ac" name="mod-enum"/>
    <fontcolor default="local-variable" name="mod-local-variable-declaration"/>
    <fontcolor default="private" name="mod-private"/>
    <fontcolor default="enum" foreColor="ff00d3ac" name="mod-enum-declaration"/>
    <fontcolor default="private" name="mod-package-private"/>
    <fontcolor default="comment" name="comment">
        <font style="plain"/>
    </fontcolor>
    <fontcolor default="whitespace" name="whitespace"/>
    <fontcolor default="constructor" foreColor="fff0f0aa" name="mod-constructor"/>
</fontscolors>
